{"epoch_0": {"p_0.015": 0.653304, "low_p_best_0.001": 0.99832, "low_p_best_0.005": 0.97638, "low_p_best_0.01": 0.89022, "low_p_best_0.015": 0.80246}}