{"epoch_0": {"p_0.015": 0.65472, "low_p_best_0.001": 0.99834, "low_p_best_0.005": 0.96988, "low_p_best_0.01": 0.88608, "low_p_best_0.015": 0.81122}}