{"err_rates": {"(240,216):0.005": 0.0484, "(30,27):0.005": 0.059799999999999964, "(60,54):0.005": 0.03849999999999998, "(120,108):0.005": 0.04469999999999996, "(240,216):0.01": 0.14300000000000002, "(30,27):0.01": 0.131, "(60,54):0.01": 0.16200000000000003, "(120,108):0.01": 0.11399999999999999, "(240,216):0.015": 0.30299999999999994, "(30,27):0.015": 0.261, "(60,54):0.015": 0.256, "(120,108):0.015": 0.266, "(240,216):0.02": 0.547, "(30,27):0.02": 0.368, "(60,54):0.02": 0.41500000000000004, "(120,108):0.02": 0.44199999999999995}}