{
  "err_rates": {
    "(30,27):0.005": 0.024499999999999966,
    "(60,54):0.005": 0.07199999999999995,
    "(120,108):0.005": 0.16349999999999998,
    "(240,216):0.005": 0.31699999999999995
  }
}
