{"random_cpc": {"error_rate_0.001": 0.997717, "error_rate_0.001_pc": 0.997717, "error_rate_0.005": 0.997731, "error_rate_0.005_pc": 0.997731, "error_rate_0.01": 0.997694, "error_rate_0.01_pc": 0.997694, "error_rate_0.02": 0.997692, "error_rate_0.02_pc": 0.997692}}