{
  "random_cpc": {
    "error_rate_0.001": 0.99807,
    "error_rate_0.005": 0.99795,
    "error_rate_0.01": 0.99795,
    "error_rate_0.015": 0.99794
  }
}
